StudyId,DateTimeStudyAdded,SystematicSearchId,SystematicSearchName,InvestigatorIds,InvestigatorNames,DateTimeOfScreenings,ScreeningDecisions,ScreeningStatus
3193c9d8-c96b-42ae-9130-7b0597c1d9c9,2023-08-07 14:40:51,e98127ba-c265-4b5c-8d9d-702ce973b094,upload test,,,,,InsufficientlyScreened
07ccd010-eff8-4562-902c-801722cbb70c,2023-08-07 14:40:51,e98127ba-c265-4b5c-8d9d-702ce973b094,upload test,,,,,InsufficientlyScreened
240af22e-0c0d-4e7e-b002-56fc5b46d9e7,2023-08-07 14:40:51,e98127ba-c265-4b5c-8d9d-702ce973b094,upload test,,,,,InsufficientlyScreened
e6d75178-b523-472a-8ffa-69adfb7cc690,2023-08-07 14:40:51,e98127ba-c265-4b5c-8d9d-702ce973b094,upload test,,,,,InsufficientlyScreened
5fa7a990-102d-4887-bb58-8569ab46a3ee,2023-08-07 14:40:51,e98127ba-c265-4b5c-8d9d-702ce973b094,upload test,,,,,InsufficientlyScreened
0236491e-4908-4d41-acb0-92f1f70e611e,2023-08-07 14:40:51,e98127ba-c265-4b5c-8d9d-702ce973b094,upload test,,,,,InsufficientlyScreened
454b1d9e-a8b6-4b4c-b5ff-9bec5e7fdb7a,2023-08-07 14:40:51,e98127ba-c265-4b5c-8d9d-702ce973b094,upload test,,,,,InsufficientlyScreened
adde036d-831b-4a0d-8ec9-2031f4e6a1fb,2023-08-07 14:40:51,e98127ba-c265-4b5c-8d9d-702ce973b094,upload test,,,,,InsufficientlyScreened
0dde9013-d41a-4e4e-81c2-46c932c5f79b,2023-08-07 14:40:51,e98127ba-c265-4b5c-8d9d-702ce973b094,upload test,,,,,InsufficientlyScreened
ede1d61b-8ca1-4016-a197-1064d5597a2d,2023-08-07 14:40:51,e98127ba-c265-4b5c-8d9d-702ce973b094,upload test,,,,,InsufficientlyScreened
fc61a2d4-3a22-43f1-acd2-aeca16521e24,2023-08-07 14:40:51,e98127ba-c265-4b5c-8d9d-702ce973b094,upload test,,,,,InsufficientlyScreened
64577205-2b05-4bc9-8dd7-1f5feb32af2a,2023-08-07 14:40:51,e98127ba-c265-4b5c-8d9d-702ce973b094,upload test,,,,,InsufficientlyScreened
d4679c3d-5807-4fd8-89d5-5a309321dd22,2023-08-07 14:40:51,e98127ba-c265-4b5c-8d9d-702ce973b094,upload test,,,,,InsufficientlyScreened
c90c7e9f-c419-448c-86cc-f0b432dee0ab,2023-08-07 14:40:51,e98127ba-c265-4b5c-8d9d-702ce973b094,upload test,,,,,InsufficientlyScreened
8aad4f1a-e841-43ea-89ca-9c7db835db16,2023-08-07 14:40:51,e98127ba-c265-4b5c-8d9d-702ce973b094,upload test,,,,,InsufficientlyScreened
1b11d29d-6679-454d-9299-36418aa4c6f9,2023-08-07 14:40:51,e98127ba-c265-4b5c-8d9d-702ce973b094,upload test,,,,,InsufficientlyScreened
beadfa25-f681-441f-8f11-539e28b5022a,2023-08-07 14:40:51,e98127ba-c265-4b5c-8d9d-702ce973b094,upload test,,,,,InsufficientlyScreened
9451eb20-ebe6-4f0e-a7a2-8cb0f71e0bad,2023-08-07 14:40:51,e98127ba-c265-4b5c-8d9d-702ce973b094,upload test,207a08a1-9e0d-4888-9bca-fb1530a0878c,Alexandra Bannach-Brown,2023-08-08 12:20:01,Included,InsufficientlyScreened
04164b9d-5824-443c-bf69-8fa8ef23f231,2023-08-07 14:40:51,e98127ba-c265-4b5c-8d9d-702ce973b094,upload test,,,,,InsufficientlyScreened
0b7ba65f-d7f0-4068-b52f-d951a2b50414,2023-08-07 14:40:51,e98127ba-c265-4b5c-8d9d-702ce973b094,upload test,,,,,InsufficientlyScreened
b20eedd6-ec08-4e5f-a991-523afc01698a,2023-08-07 14:40:51,e98127ba-c265-4b5c-8d9d-702ce973b094,upload test,,,,,InsufficientlyScreened
e3094465-5b3d-4608-817a-fbc989eaedee,2023-08-07 14:40:51,e98127ba-c265-4b5c-8d9d-702ce973b094,upload test,,,,,InsufficientlyScreened
4198d7e1-8902-4e90-849c-7380a2646827,2023-08-07 14:40:51,e98127ba-c265-4b5c-8d9d-702ce973b094,upload test,,,,,InsufficientlyScreened
fbdb88af-8c82-4efb-9a6f-b556b424abc7,2023-08-07 14:40:51,e98127ba-c265-4b5c-8d9d-702ce973b094,upload test,,,,,InsufficientlyScreened
e614bc2d-90da-480a-8c45-c1cdfa9d8b2e,2023-08-07 14:40:51,e98127ba-c265-4b5c-8d9d-702ce973b094,upload test,,,,,InsufficientlyScreened
a6ef4e4b-e86e-4c14-a6af-de4c4aa40ae1,2023-08-07 14:40:51,e98127ba-c265-4b5c-8d9d-702ce973b094,upload test,,,,,InsufficientlyScreened
77c055d9-4acf-47c1-a68c-a6c71c1eab25,2023-08-07 14:40:51,e98127ba-c265-4b5c-8d9d-702ce973b094,upload test,,,,,InsufficientlyScreened
74899f1a-0e86-4472-a36e-6cadd89dd7a8,2023-08-07 14:40:51,e98127ba-c265-4b5c-8d9d-702ce973b094,upload test,,,,,InsufficientlyScreened
e9fa4a7d-327c-4413-b403-480bd98b7736,2023-08-07 14:40:51,e98127ba-c265-4b5c-8d9d-702ce973b094,upload test,,,,,InsufficientlyScreened
a42f4d43-77ab-4364-9146-ce1071688b0f,2023-08-07 14:40:51,e98127ba-c265-4b5c-8d9d-702ce973b094,upload test,,,,,InsufficientlyScreened
6819b066-8bdf-463b-8d40-c734ee8d86c6,2023-08-07 14:40:51,e98127ba-c265-4b5c-8d9d-702ce973b094,upload test,,,,,InsufficientlyScreened
0e08daea-68cb-4561-9afd-f4225dec4594,2023-08-07 14:40:51,e98127ba-c265-4b5c-8d9d-702ce973b094,upload test,,,,,InsufficientlyScreened
a9ab88bd-8611-48d8-a41a-757640c6c50a,2023-08-07 14:40:51,e98127ba-c265-4b5c-8d9d-702ce973b094,upload test,,,,,InsufficientlyScreened
ae65f0aa-b15b-404d-a500-1f65cdf588e0,2023-08-07 14:40:51,e98127ba-c265-4b5c-8d9d-702ce973b094,upload test,207a08a1-9e0d-4888-9bca-fb1530a0878c,Alexandra Bannach-Brown,2023-08-08 12:19:59,Included,InsufficientlyScreened
25584ecd-89b1-4d2c-b7ea-01a3c4e859ce,2023-08-07 14:40:51,e98127ba-c265-4b5c-8d9d-702ce973b094,upload test,,,,,InsufficientlyScreened
35479b10-8b24-4b73-8512-1842fbfe9f65,2023-08-07 14:40:51,e98127ba-c265-4b5c-8d9d-702ce973b094,upload test,,,,,InsufficientlyScreened
35e7b96d-09f7-4b81-9c9c-785ca4e61a81,2023-08-07 14:40:51,e98127ba-c265-4b5c-8d9d-702ce973b094,upload test,,,,,InsufficientlyScreened
0734cc79-faec-486a-a3ab-a7586fe53424,2023-08-07 14:40:51,e98127ba-c265-4b5c-8d9d-702ce973b094,upload test,,,,,InsufficientlyScreened
1310d819-4094-499b-b6ec-02022f5ba20d,2023-08-07 14:40:51,e98127ba-c265-4b5c-8d9d-702ce973b094,upload test,,,,,InsufficientlyScreened
3fdc2905-1101-4451-bb68-597ac4d7521b,2023-08-07 14:40:51,e98127ba-c265-4b5c-8d9d-702ce973b094,upload test,,,,,InsufficientlyScreened
46db74d5-df77-42d0-98c8-c511bc75a947,2023-08-07 14:40:51,e98127ba-c265-4b5c-8d9d-702ce973b094,upload test,,,,,InsufficientlyScreened
69c6ed45-8cb1-41f8-a5b8-1eae045cb5dc,2023-08-07 14:40:51,e98127ba-c265-4b5c-8d9d-702ce973b094,upload test,,,,,InsufficientlyScreened
70c4baaa-a6d2-46db-baed-6c413f74f3bc,2023-08-07 14:40:51,e98127ba-c265-4b5c-8d9d-702ce973b094,upload test,,,,,InsufficientlyScreened
36aa9304-aae5-4224-a829-a19b4596ffa7,2023-08-07 14:40:51,e98127ba-c265-4b5c-8d9d-702ce973b094,upload test,,,,,InsufficientlyScreened
3584b36b-e628-4ee3-b482-4ee0a8fa31b9,2023-08-07 14:40:51,e98127ba-c265-4b5c-8d9d-702ce973b094,upload test,,,,,InsufficientlyScreened
53a5f893-600a-453f-b891-db7e26cea2e0,2023-08-07 14:40:51,e98127ba-c265-4b5c-8d9d-702ce973b094,upload test,,,,,InsufficientlyScreened
9e1a4c31-98b3-4f09-9b84-106211bc1966,2023-08-07 14:40:51,e98127ba-c265-4b5c-8d9d-702ce973b094,upload test,,,,,InsufficientlyScreened
af4e9a62-0a74-4ff7-abb7-d54a9cd17062,2023-08-07 14:40:51,e98127ba-c265-4b5c-8d9d-702ce973b094,upload test,,,,,InsufficientlyScreened
9200ac4b-1b2e-4969-a3f7-f4abfbaacb88,2023-08-07 14:40:51,e98127ba-c265-4b5c-8d9d-702ce973b094,upload test,,,,,InsufficientlyScreened
da8b6977-e7b9-4f9b-89cc-351ba1af59d8,2023-08-07 14:40:51,e98127ba-c265-4b5c-8d9d-702ce973b094,upload test,,,,,InsufficientlyScreened
74731b0b-ec76-4144-b50d-080bf52ec272,2023-08-07 14:40:51,e98127ba-c265-4b5c-8d9d-702ce973b094,upload test,,,,,InsufficientlyScreened
d7e132bc-ba39-4941-9777-2918755a33b4,2023-08-07 14:40:51,e98127ba-c265-4b5c-8d9d-702ce973b094,upload test,,,,,InsufficientlyScreened
aa9e81d4-9e8f-4ace-8ead-bc4d66ded142,2023-08-07 14:40:51,e98127ba-c265-4b5c-8d9d-702ce973b094,upload test,,,,,InsufficientlyScreened
c4998032-972c-4dc2-8e77-4629d07eb95e,2023-08-07 14:40:51,e98127ba-c265-4b5c-8d9d-702ce973b094,upload test,dc46ca91-f68a-4a61-b4f4-e26c16a2d1a1,Olena Maksym,2023-10-10 10:59:40,Excluded,InsufficientlyScreened
897b0054-b9e8-48f3-b36c-679770f0b0f6,2023-08-07 14:40:51,e98127ba-c265-4b5c-8d9d-702ce973b094,upload test,,,,,InsufficientlyScreened
efa1539e-a565-4cd5-a287-b4f3c7b736df,2023-08-07 14:40:51,e98127ba-c265-4b5c-8d9d-702ce973b094,upload test,,,,,InsufficientlyScreened
bef2f1f0-146c-4b7d-94e1-ce61e5fd25cd,2023-08-07 14:40:51,e98127ba-c265-4b5c-8d9d-702ce973b094,upload test,207a08a1-9e0d-4888-9bca-fb1530a0878c,Alexandra Bannach-Brown,2023-08-08 12:20:02,Excluded,InsufficientlyScreened
87eebd06-040e-4889-979e-1c89da09c5d0,2023-08-07 14:40:51,e98127ba-c265-4b5c-8d9d-702ce973b094,upload test,207a08a1-9e0d-4888-9bca-fb1530a0878c,Alexandra Bannach-Brown,2023-08-08 12:20:03,Included,InsufficientlyScreened
13930499-0fce-4f51-bb8c-65d6fe853a15,2023-08-07 14:40:51,e98127ba-c265-4b5c-8d9d-702ce973b094,upload test,207a08a1-9e0d-4888-9bca-fb1530a0878c,Alexandra Bannach-Brown,2023-08-08 12:20:00,Excluded,InsufficientlyScreened
54d22ff1-c313-4202-a59e-8b736f622593,2023-08-07 14:40:51,e98127ba-c265-4b5c-8d9d-702ce973b094,upload test,,,,,InsufficientlyScreened
3b43b848-1965-40b5-9e5e-02675c28a965,2023-08-07 14:40:51,e98127ba-c265-4b5c-8d9d-702ce973b094,upload test,,,,,InsufficientlyScreened
5af557fe-6008-49d1-b2fe-0ca3e6cb19ca,2023-08-07 14:40:51,e98127ba-c265-4b5c-8d9d-702ce973b094,upload test,207a08a1-9e0d-4888-9bca-fb1530a0878c,Alexandra Bannach-Brown,2023-08-08 12:19:58,Excluded,InsufficientlyScreened
605b1728-6cd4-4698-a1f2-7860f268c7d0,2023-08-07 14:40:51,e98127ba-c265-4b5c-8d9d-702ce973b094,upload test,,,,,InsufficientlyScreened
f112b36a-b45d-41e6-9133-0a7a67bb8d12,2023-08-07 14:40:51,e98127ba-c265-4b5c-8d9d-702ce973b094,upload test,,,,,InsufficientlyScreened
4f53b89d-6852-4fc2-8dfe-038687ec0138,2023-08-07 14:40:51,e98127ba-c265-4b5c-8d9d-702ce973b094,upload test,,,,,InsufficientlyScreened
40f0ade6-b3cf-466c-87e9-687103a7d21c,2023-08-07 14:40:51,e98127ba-c265-4b5c-8d9d-702ce973b094,upload test,,,,,InsufficientlyScreened
9b6323c1-5dea-42c4-8220-4ab9fe4fe4c9,2023-08-07 14:40:51,e98127ba-c265-4b5c-8d9d-702ce973b094,upload test,,,,,InsufficientlyScreened
ad588656-1d60-494a-9fdb-cef247b1c600,2023-08-07 14:40:51,e98127ba-c265-4b5c-8d9d-702ce973b094,upload test,,,,,InsufficientlyScreened
1bf02a60-689a-4c72-bd15-2b181e758bd5,2023-08-07 14:40:51,e98127ba-c265-4b5c-8d9d-702ce973b094,upload test,,,,,InsufficientlyScreened
25b6f67c-ec82-49bb-a333-7aaa8eeb46d2,2023-08-07 14:40:51,e98127ba-c265-4b5c-8d9d-702ce973b094,upload test,,,,,InsufficientlyScreened
21a81bde-3632-4749-8631-e3f31a20dd39,2023-08-07 14:40:51,e98127ba-c265-4b5c-8d9d-702ce973b094,upload test,,,,,InsufficientlyScreened
8ae102ae-4a94-4aa6-a339-d0aad893bd02,2023-08-07 14:40:51,e98127ba-c265-4b5c-8d9d-702ce973b094,upload test,,,,,InsufficientlyScreened
810a3bae-79ac-4cc1-b703-d0b8eae6418d,2023-08-21 10:50:35,e8336267-2d0e-43e0-94d8-e0f0b513b58e,test2,,,,,InsufficientlyScreened
a495acc0-7cd5-44f6-8ebe-6ce905f72c82,2023-08-21 10:50:35,e8336267-2d0e-43e0-94d8-e0f0b513b58e,test2,,,,,InsufficientlyScreened
2bcac085-826b-4f06-85d7-f78e42b28085,2023-08-21 10:50:35,e8336267-2d0e-43e0-94d8-e0f0b513b58e,test2,,,,,InsufficientlyScreened
9a281dc6-ee86-42a3-a4be-ced1d7657422,2023-08-21 10:50:35,e8336267-2d0e-43e0-94d8-e0f0b513b58e,test2,,,,,InsufficientlyScreened
2cea63df-9a8c-4524-8765-d69b275877b8,2023-08-21 10:50:35,e8336267-2d0e-43e0-94d8-e0f0b513b58e,test2,,,,,InsufficientlyScreened
63c78954-708f-462d-9d41-c37ab7b967fb,2023-08-21 10:50:35,e8336267-2d0e-43e0-94d8-e0f0b513b58e,test2,,,,,InsufficientlyScreened
0ee81f6a-3242-46f7-8845-9833ebc36eb0,2023-08-21 10:50:35,e8336267-2d0e-43e0-94d8-e0f0b513b58e,test2,,,,,InsufficientlyScreened
14133b10-5f94-4e6c-bd88-bd30f5baff00,2023-08-21 10:50:35,e8336267-2d0e-43e0-94d8-e0f0b513b58e,test2,,,,,InsufficientlyScreened
16547241-d988-4742-a24b-eb45dea70eb1,2023-08-21 10:50:35,e8336267-2d0e-43e0-94d8-e0f0b513b58e,test2,,,,,InsufficientlyScreened
3b73b47d-ff50-4c30-b24c-48748d050b1d,2023-08-21 10:50:35,e8336267-2d0e-43e0-94d8-e0f0b513b58e,test2,,,,,InsufficientlyScreened
3c886c2f-8157-4eac-8a8a-8243dfdf89a2,2023-08-21 10:50:35,e8336267-2d0e-43e0-94d8-e0f0b513b58e,test2,,,,,InsufficientlyScreened
80c4266f-04fb-4621-804d-e19a087ca70f,2023-08-21 10:50:35,e8336267-2d0e-43e0-94d8-e0f0b513b58e,test2,,,,,InsufficientlyScreened
7d04617e-e40d-4c0a-9c71-66d79da786b8,2023-08-21 10:50:35,e8336267-2d0e-43e0-94d8-e0f0b513b58e,test2,,,,,InsufficientlyScreened
ce34fdf7-90bb-4855-98e9-dd0b72fb7ba0,2023-08-21 10:50:35,e8336267-2d0e-43e0-94d8-e0f0b513b58e,test2,,,,,InsufficientlyScreened
066577fa-7506-4d1c-b27f-38786e1401c7,2023-08-21 10:50:35,e8336267-2d0e-43e0-94d8-e0f0b513b58e,test2,,,,,InsufficientlyScreened
9268f88c-49ee-4128-8c36-100b9c1dd001,2023-08-21 10:50:35,e8336267-2d0e-43e0-94d8-e0f0b513b58e,test2,,,,,InsufficientlyScreened
a4e69029-3457-4198-8645-98d311703e54,2023-08-21 10:50:35,e8336267-2d0e-43e0-94d8-e0f0b513b58e,test2,,,,,InsufficientlyScreened
bb0a40bd-bb9e-4744-8b0c-daf56cf2b220,2023-08-21 10:50:35,e8336267-2d0e-43e0-94d8-e0f0b513b58e,test2,,,,,InsufficientlyScreened
5602af4c-9c44-478e-8442-dadd7a1eeb9a,2023-08-21 10:50:35,e8336267-2d0e-43e0-94d8-e0f0b513b58e,test2,,,,,InsufficientlyScreened
d059c1f9-66f5-407c-afbf-6ec64f3e2fb6,2023-08-21 10:50:35,e8336267-2d0e-43e0-94d8-e0f0b513b58e,test2,,,,,InsufficientlyScreened
d32bc93b-c9e7-4abd-b985-0489f436cee1,2023-08-21 10:50:35,e8336267-2d0e-43e0-94d8-e0f0b513b58e,test2,,,,,InsufficientlyScreened
abfa45eb-4ecc-4072-8d91-8d63efd17171,2023-08-21 10:50:35,e8336267-2d0e-43e0-94d8-e0f0b513b58e,test2,,,,,InsufficientlyScreened
bea7680a-35ef-4bb4-b85c-818f4c1c79af,2023-08-21 10:50:35,e8336267-2d0e-43e0-94d8-e0f0b513b58e,test2,,,,,InsufficientlyScreened
6c06d366-a981-4dab-b658-a15654cd28e1,2023-08-21 10:50:35,e8336267-2d0e-43e0-94d8-e0f0b513b58e,test2,,,,,InsufficientlyScreened
f9902080-5286-42c8-bbc6-5c233cee8cd3,2023-08-21 10:50:35,e8336267-2d0e-43e0-94d8-e0f0b513b58e,test2,,,,,InsufficientlyScreened
e131cb6d-58f0-4fa9-9a9e-3c06d15f3c69,2023-08-21 10:50:35,e8336267-2d0e-43e0-94d8-e0f0b513b58e,test2,,,,,InsufficientlyScreened
cd26cd7b-9de7-4fe0-86ab-b7fdd0ef3993,2023-08-21 10:50:35,e8336267-2d0e-43e0-94d8-e0f0b513b58e,test2,,,,,InsufficientlyScreened
eb84cd62-1d28-4340-8dfc-563b0332df2e,2023-08-21 10:50:35,e8336267-2d0e-43e0-94d8-e0f0b513b58e,test2,,,,,InsufficientlyScreened
a0ad9dee-25a5-4255-bfba-18915f3e7b41,2023-08-21 10:50:35,e8336267-2d0e-43e0-94d8-e0f0b513b58e,test2,,,,,InsufficientlyScreened
8f78e7df-5cb2-4f93-ab92-8361cfab288c,2023-08-21 10:50:35,e8336267-2d0e-43e0-94d8-e0f0b513b58e,test2,,,,,InsufficientlyScreened
c128ce77-ac9e-4a2a-b87e-873a6d83a56f,2023-08-21 10:50:35,e8336267-2d0e-43e0-94d8-e0f0b513b58e,test2,,,,,InsufficientlyScreened
01c60c67-e119-45aa-bf1a-7faa1c6981fe,2023-08-21 10:50:35,e8336267-2d0e-43e0-94d8-e0f0b513b58e,test2,dc46ca91-f68a-4a61-b4f4-e26c16a2d1a1,Olena Maksym,2023-10-10 10:59:37,Excluded,InsufficientlyScreened
4f26e4e1-fa80-4aae-8fe5-49fa1f7fb7b2,2023-08-21 10:50:35,e8336267-2d0e-43e0-94d8-e0f0b513b58e,test2,,,,,InsufficientlyScreened
ed00afa1-d8c3-4d79-8861-184aa40875d6,2023-08-21 10:50:35,e8336267-2d0e-43e0-94d8-e0f0b513b58e,test2,,,,,InsufficientlyScreened
2d2e7c9d-abfd-4715-b3ca-0cd90faa8e0f,2023-08-21 10:50:35,e8336267-2d0e-43e0-94d8-e0f0b513b58e,test2,,,,,InsufficientlyScreened
5001a79a-ecf1-453d-b79c-60fd8c510dfc,2023-08-21 10:50:35,e8336267-2d0e-43e0-94d8-e0f0b513b58e,test2,,,,,InsufficientlyScreened
f39271e5-2c30-43e0-ab29-01186871c96d,2023-08-21 10:50:35,e8336267-2d0e-43e0-94d8-e0f0b513b58e,test2,,,,,InsufficientlyScreened
d434cf1a-f05f-4140-94aa-7d0a5ec735de,2023-08-21 10:50:35,e8336267-2d0e-43e0-94d8-e0f0b513b58e,test2,,,,,InsufficientlyScreened
a1287edf-0281-447c-b725-e531a0cf5312,2023-08-21 10:50:35,e8336267-2d0e-43e0-94d8-e0f0b513b58e,test2,,,,,InsufficientlyScreened
c354f81d-309c-4b87-a265-a1669fd722ab,2023-08-21 10:50:35,e8336267-2d0e-43e0-94d8-e0f0b513b58e,test2,,,,,InsufficientlyScreened
831e723c-04cd-4af1-b720-8ace38b96b11,2023-08-21 10:50:35,e8336267-2d0e-43e0-94d8-e0f0b513b58e,test2,,,,,InsufficientlyScreened
3d59d498-d741-4d1e-b17a-318fc3d44225,2023-08-21 10:50:35,e8336267-2d0e-43e0-94d8-e0f0b513b58e,test2,,,,,InsufficientlyScreened
db41ee7b-ed83-47dd-9fc4-583fffbba7af,2023-08-21 10:50:35,e8336267-2d0e-43e0-94d8-e0f0b513b58e,test2,207a08a1-9e0d-4888-9bca-fb1530a0878c,Alexandra Bannach-Brown,2023-09-22 09:08:08,Included,InsufficientlyScreened
7d2bca2f-be83-4dc8-a5f5-73040057a50c,2023-08-21 10:50:35,e8336267-2d0e-43e0-94d8-e0f0b513b58e,test2,,,,,InsufficientlyScreened
f1ec4d8a-4d8a-40b7-a90d-a9950fa7aefd,2023-08-21 10:50:35,e8336267-2d0e-43e0-94d8-e0f0b513b58e,test2,,,,,InsufficientlyScreened
0c813a41-18cd-40e5-82b6-f3f17235c203,2023-08-21 10:50:35,e8336267-2d0e-43e0-94d8-e0f0b513b58e,test2,,,,,InsufficientlyScreened
711a647a-13d7-4263-b6e4-632ec4c33f20,2023-08-21 10:50:35,e8336267-2d0e-43e0-94d8-e0f0b513b58e,test2,207a08a1-9e0d-4888-9bca-fb1530a0878c,Alexandra Bannach-Brown,2023-09-22 09:08:09,Excluded,InsufficientlyScreened
81544b87-9df8-4ac4-bb18-9ef900022f3e,2023-08-21 10:50:35,e8336267-2d0e-43e0-94d8-e0f0b513b58e,test2,,,,,InsufficientlyScreened
38231d70-3d18-46f3-b8f2-6e884c08e8aa,2023-08-21 10:50:35,e8336267-2d0e-43e0-94d8-e0f0b513b58e,test2,,,,,InsufficientlyScreened
e9f5c5e0-99a8-416a-a317-a2a308eb37d8,2023-08-21 10:50:35,e8336267-2d0e-43e0-94d8-e0f0b513b58e,test2,,,,,InsufficientlyScreened
e05d8931-0ea0-464d-ab43-dbeb2672f828,2023-08-21 10:50:35,e8336267-2d0e-43e0-94d8-e0f0b513b58e,test2,,,,,InsufficientlyScreened
a3366259-7a08-4027-994e-765d91596aa5,2023-08-21 10:50:35,e8336267-2d0e-43e0-94d8-e0f0b513b58e,test2,,,,,InsufficientlyScreened
322b1e69-325f-43d1-9911-41a2064339f6,2023-08-21 10:50:35,e8336267-2d0e-43e0-94d8-e0f0b513b58e,test2,,,,,InsufficientlyScreened
80146906-1558-4967-8367-e7f0dbac1ce4,2023-08-21 10:50:35,e8336267-2d0e-43e0-94d8-e0f0b513b58e,test2,,,,,InsufficientlyScreened
3b196f6a-2702-427c-8c7c-53f8e75386e4,2023-08-21 10:50:35,e8336267-2d0e-43e0-94d8-e0f0b513b58e,test2,,,,,InsufficientlyScreened
6589caea-b9b9-41a8-9686-97c621e7a6c3,2023-08-21 10:50:35,e8336267-2d0e-43e0-94d8-e0f0b513b58e,test2,,,,,InsufficientlyScreened
48c73588-db2f-48f5-9a88-a72f522d6c4b,2023-08-21 10:50:35,e8336267-2d0e-43e0-94d8-e0f0b513b58e,test2,,,,,InsufficientlyScreened
fb778fe3-1f12-4792-9d9c-140a7641e387,2023-08-21 10:50:35,e8336267-2d0e-43e0-94d8-e0f0b513b58e,test2,,,,,InsufficientlyScreened
dc27f67b-2d2c-47f5-b1ea-6438f7af6d9d,2023-08-21 10:50:35,e8336267-2d0e-43e0-94d8-e0f0b513b58e,test2,,,,,InsufficientlyScreened
309e2435-a854-47f0-bbb8-fe8f5be7127c,2023-08-21 10:50:35,e8336267-2d0e-43e0-94d8-e0f0b513b58e,test2,,,,,InsufficientlyScreened
ddb14cd3-e1aa-49c6-adaa-d5a7e7ed2d1f,2023-08-21 10:50:35,e8336267-2d0e-43e0-94d8-e0f0b513b58e,test2,,,,,InsufficientlyScreened
38941892-cb4d-42fb-82f3-c4e71f14a00f,2023-08-21 10:50:35,e8336267-2d0e-43e0-94d8-e0f0b513b58e,test2,,,,,InsufficientlyScreened
63398be5-a96b-44ec-8df6-f127f27b3b2a,2023-08-21 10:50:35,e8336267-2d0e-43e0-94d8-e0f0b513b58e,test2,,,,,InsufficientlyScreened
65b5001f-9b7b-47aa-9fe7-d7f799bb53c7,2023-08-21 10:50:35,e8336267-2d0e-43e0-94d8-e0f0b513b58e,test2,,,,,InsufficientlyScreened
d83ebf5e-c7f5-4509-a415-4b8ea9f7fdf0,2023-08-21 10:50:35,e8336267-2d0e-43e0-94d8-e0f0b513b58e,test2,,,,,InsufficientlyScreened
450c10fb-4f98-4eaa-a1d5-ce27f5c24a27,2023-08-21 10:50:35,e8336267-2d0e-43e0-94d8-e0f0b513b58e,test2,,,,,InsufficientlyScreened
2ec47f67-4a8c-4d87-be18-0f4e90cf5979,2023-08-21 10:50:35,e8336267-2d0e-43e0-94d8-e0f0b513b58e,test2,,,,,InsufficientlyScreened
5e47f5b2-5557-4281-9399-e4389aeafc46,2023-08-21 10:50:35,e8336267-2d0e-43e0-94d8-e0f0b513b58e,test2,,,,,InsufficientlyScreened
ec06d54b-c4a5-4c28-a71f-a5af910e5726,2023-08-21 10:50:35,e8336267-2d0e-43e0-94d8-e0f0b513b58e,test2,,,,,InsufficientlyScreened
268c2ae7-8892-493f-a1b4-d2412a4b3362,2023-08-21 10:50:35,e8336267-2d0e-43e0-94d8-e0f0b513b58e,test2,,,,,InsufficientlyScreened
92d84edb-d8f1-4c0e-9f66-09d3ef07d626,2023-08-21 10:50:35,e8336267-2d0e-43e0-94d8-e0f0b513b58e,test2,,,,,InsufficientlyScreened
08fd0f0e-9cd3-4e44-a8d4-561dc7752953,2023-08-21 10:50:35,e8336267-2d0e-43e0-94d8-e0f0b513b58e,test2,,,,,InsufficientlyScreened
d819a0af-ca66-43ac-a68b-c68b218562cf,2023-08-21 10:50:35,e8336267-2d0e-43e0-94d8-e0f0b513b58e,test2,,,,,InsufficientlyScreened
5e6b0bc6-1aed-4ad9-bdd0-0cde4cff67b7,2023-08-21 10:50:35,e8336267-2d0e-43e0-94d8-e0f0b513b58e,test2,,,,,InsufficientlyScreened
ca79c23d-a4d9-4518-8593-3b801e9c7801,2023-08-21 10:50:35,e8336267-2d0e-43e0-94d8-e0f0b513b58e,test2,,,,,InsufficientlyScreened
dd46003d-3706-43e5-888c-27d407527d3f,2023-08-21 10:50:35,e8336267-2d0e-43e0-94d8-e0f0b513b58e,test2,,,,,InsufficientlyScreened
b3671d1d-e35f-41e3-aa8a-c31fff1f1f02,2023-08-21 10:50:35,e8336267-2d0e-43e0-94d8-e0f0b513b58e,test2,,,,,InsufficientlyScreened
4aaacb9f-ab1c-429e-96a0-1dbf281d22e4,2023-08-21 10:50:35,e8336267-2d0e-43e0-94d8-e0f0b513b58e,test2,,,,,InsufficientlyScreened
448b65c3-5157-4572-92ef-80186ae57a05,2023-08-21 10:50:35,e8336267-2d0e-43e0-94d8-e0f0b513b58e,test2,,,,,InsufficientlyScreened
e95e8f0d-d94e-4c82-8ec4-05d3245f19b4,2023-08-21 10:50:35,e8336267-2d0e-43e0-94d8-e0f0b513b58e,test2,,,,,InsufficientlyScreened
faffa0b2-927e-4814-a5cf-b022fd265e03,2023-08-21 10:50:35,e8336267-2d0e-43e0-94d8-e0f0b513b58e,test2,,,,,InsufficientlyScreened
65328d8b-a440-4691-bc46-944139119bf3,2023-08-21 10:50:35,e8336267-2d0e-43e0-94d8-e0f0b513b58e,test2,,,,,InsufficientlyScreened
7a025cfd-dfab-45d5-973e-36c77189d118,2023-08-21 10:50:35,e8336267-2d0e-43e0-94d8-e0f0b513b58e,test2,,,,,InsufficientlyScreened
292c0616-f8dc-42fa-9a24-1454fd3a9386,2023-08-21 10:50:35,e8336267-2d0e-43e0-94d8-e0f0b513b58e,test2,,,,,InsufficientlyScreened
2c123f04-8294-4414-a610-4bbf960fdd5e,2023-08-21 10:50:35,e8336267-2d0e-43e0-94d8-e0f0b513b58e,test2,,,,,InsufficientlyScreened
477dce9e-82cb-4603-a3a6-18fffcd59342,2023-08-21 10:50:35,e8336267-2d0e-43e0-94d8-e0f0b513b58e,test2,,,,,InsufficientlyScreened
73bb35bd-0e07-49c2-8546-b237b32cf7d9,2023-08-21 10:50:35,e8336267-2d0e-43e0-94d8-e0f0b513b58e,test2,,,,,InsufficientlyScreened
2ed15727-edaa-4f8d-a440-fda7fb3974f0,2023-08-21 10:50:35,e8336267-2d0e-43e0-94d8-e0f0b513b58e,test2,c722bf4d-a48d-4af5-afad-c92beb84f91f;07af57e6-e399-4c29-b248-7283b0e63f1a,Mala Karmakar;Christopher Sena,2023-09-13 13:23:00;2023-09-13 13:26:44,Excluded;Excluded,Excluded
881ec560-7d99-4767-90a7-4444c4cdbe9b,2023-08-21 10:50:35,e8336267-2d0e-43e0-94d8-e0f0b513b58e,test2,,,,,InsufficientlyScreened
a7e0d4bc-8ffa-46f3-a8f6-70349fd0f563,2023-08-21 10:50:35,e8336267-2d0e-43e0-94d8-e0f0b513b58e,test2,,,,,InsufficientlyScreened
9599d365-da99-439f-981e-33cb3772ec5b,2023-08-21 10:50:35,e8336267-2d0e-43e0-94d8-e0f0b513b58e,test2,,,,,InsufficientlyScreened
c130eac4-2c38-4166-b6dd-b6c8e3c7dbc2,2023-08-21 10:50:35,e8336267-2d0e-43e0-94d8-e0f0b513b58e,test2,,,,,InsufficientlyScreened
2b6e2a17-49b8-4e13-b59b-7048118464a9,2023-08-21 10:50:35,e8336267-2d0e-43e0-94d8-e0f0b513b58e,test2,,,,,InsufficientlyScreened
1a4548ad-dd76-4a50-99cf-d3808518c906,2023-08-21 10:50:35,e8336267-2d0e-43e0-94d8-e0f0b513b58e,test2,,,,,InsufficientlyScreened
81b597fb-5d82-49e7-be71-1ac7a62823c7,2023-08-21 10:50:35,e8336267-2d0e-43e0-94d8-e0f0b513b58e,test2,,,,,InsufficientlyScreened
ac996f1e-ce2c-4599-8edd-482a3524df9d,2023-08-21 10:50:35,e8336267-2d0e-43e0-94d8-e0f0b513b58e,test2,,,,,InsufficientlyScreened
15da9459-df7b-4833-a8b2-dcad55acefc6,2023-08-21 10:50:35,e8336267-2d0e-43e0-94d8-e0f0b513b58e,test2,,,,,InsufficientlyScreened
1f022654-296a-43ce-b314-95cb1cb74a24,2023-08-21 10:50:35,e8336267-2d0e-43e0-94d8-e0f0b513b58e,test2,dc46ca91-f68a-4a61-b4f4-e26c16a2d1a1,Olena Maksym,2023-10-10 10:59:44,Included,InsufficientlyScreened
a3a5ceea-11f9-4123-96eb-6e343e42c13b,2023-08-21 10:50:35,e8336267-2d0e-43e0-94d8-e0f0b513b58e,test2,,,,,InsufficientlyScreened
72fd033b-2404-4f28-81ea-ac705ca75fed,2023-08-21 10:50:35,e8336267-2d0e-43e0-94d8-e0f0b513b58e,test2,,,,,InsufficientlyScreened
706d2773-ecc2-4727-a75a-c360f9db6033,2023-08-21 10:50:35,e8336267-2d0e-43e0-94d8-e0f0b513b58e,test2,,,,,InsufficientlyScreened
104cb319-854b-4c03-a132-e7e6587c6056,2023-08-21 10:50:35,e8336267-2d0e-43e0-94d8-e0f0b513b58e,test2,,,,,InsufficientlyScreened
fce23869-d564-4df6-892e-27a6338648cc,2023-08-21 10:50:35,e8336267-2d0e-43e0-94d8-e0f0b513b58e,test2,,,,,InsufficientlyScreened
f958cc7c-b02e-4ec2-b27a-cc1059c5aa6d,2023-08-21 10:50:35,e8336267-2d0e-43e0-94d8-e0f0b513b58e,test2,,,,,InsufficientlyScreened
6862b094-1784-4cb5-9acc-4d21a2cfa1fe,2023-08-21 10:50:35,e8336267-2d0e-43e0-94d8-e0f0b513b58e,test2,,,,,InsufficientlyScreened
73fcd992-b2ab-4ff4-afb6-2c554df67f8b,2023-08-21 10:50:35,e8336267-2d0e-43e0-94d8-e0f0b513b58e,test2,,,,,InsufficientlyScreened
a88d8193-a085-41b5-8803-cd12d6544a2b,2023-08-21 10:50:35,e8336267-2d0e-43e0-94d8-e0f0b513b58e,test2,,,,,InsufficientlyScreened
82d103af-147a-4348-ab0f-ab137d37b6a2,2023-08-21 10:50:35,e8336267-2d0e-43e0-94d8-e0f0b513b58e,test2,,,,,InsufficientlyScreened
75f1c534-4caf-4889-939c-dec043e619ad,2023-08-21 10:50:35,e8336267-2d0e-43e0-94d8-e0f0b513b58e,test2,,,,,InsufficientlyScreened
a9200836-925f-4c0d-b8f0-78007ee65774,2023-08-21 10:50:35,e8336267-2d0e-43e0-94d8-e0f0b513b58e,test2,,,,,InsufficientlyScreened
c3717199-6569-4c5b-bf87-68e0ebc4d204,2023-08-21 10:50:35,e8336267-2d0e-43e0-94d8-e0f0b513b58e,test2,,,,,InsufficientlyScreened
dc9bf967-db71-41de-809d-e46a421c06a0,2023-08-21 10:50:35,e8336267-2d0e-43e0-94d8-e0f0b513b58e,test2,,,,,InsufficientlyScreened
11f05931-5025-4424-ab18-af587f6de62e,2023-08-21 10:50:35,e8336267-2d0e-43e0-94d8-e0f0b513b58e,test2,,,,,InsufficientlyScreened
8b622884-5681-495f-8ab5-682695626329,2023-08-21 10:50:35,e8336267-2d0e-43e0-94d8-e0f0b513b58e,test2,,,,,InsufficientlyScreened
99b66384-303c-4529-ac16-d35a2f7e6ad4,2023-08-21 10:50:35,e8336267-2d0e-43e0-94d8-e0f0b513b58e,test2,,,,,InsufficientlyScreened
b6077d13-a85e-445b-8ef9-57f57ff6dd6f,2023-08-21 10:50:35,e8336267-2d0e-43e0-94d8-e0f0b513b58e,test2,,,,,InsufficientlyScreened
63c6c4bc-ef3a-495c-970b-253a9a2b4ac3,2023-08-21 10:50:35,e8336267-2d0e-43e0-94d8-e0f0b513b58e,test2,,,,,InsufficientlyScreened
